{
  "packageId": "main",
  "version": 1,
  "items": [
    {
      "packageId": "main",
      "version": 1,
      "remoteUrl": "https://mcuking.github.io/mobile-web-best-practice/js/app.dbc8bebd.js",
      "path": "js/app.dbc8bebd.js",
      "mimeType": "application/javascript"
    },
    {
      "packageId": "main",
      "version": 1,
      "remoteUrl": "https://mcuking.github.io/mobile-web-best-practice/js/chunk-146ee159.756b82d7.js",
      "path": "js/chunk-146ee159.756b82d7.js",
      "mimeType": "application/javascript"
    },
    {
      "packageId": "main",
      "version": 1,
      "remoteUrl": "https://mcuking.github.io/mobile-web-best-practice/js/chunk-2255cd88.eff42a71.js",
      "path": "js/chunk-2255cd88.eff42a71.js",
      "mimeType": "application/javascript"
    },
    {
      "packageId": "main",
      "version": 1,
      "remoteUrl": "https://mcuking.github.io/mobile-web-best-practice/js/chunk-2ce2cb86.10a2fe0f.js",
      "path": "js/chunk-2ce2cb86.10a2fe0f.js",
      "mimeType": "application/javascript"
    },
    {
      "packageId": "main",
      "version": 1,
      "remoteUrl": "https://mcuking.github.io/mobile-web-best-practice/js/chunk-45d38506.f9fec3fd.js",
      "path": "js/chunk-45d38506.f9fec3fd.js",
      "mimeType": "application/javascript"
    },
    {
      "packageId": "main",
      "version": 1,
      "remoteUrl": "https://mcuking.github.io/mobile-web-best-practice/js/chunk-50348d30.9b8723ab.js",
      "path": "js/chunk-50348d30.9b8723ab.js",
      "mimeType": "application/javascript"
    },
    {
      "packageId": "main",
      "version": 1,
      "remoteUrl": "https://mcuking.github.io/mobile-web-best-practice/js/chunk-6d16d0b0.2490d1cc.js",
      "path": "js/chunk-6d16d0b0.2490d1cc.js",
      "mimeType": "application/javascript"
    },
    {
      "packageId": "main",
      "version": 1,
      "remoteUrl": "https://mcuking.github.io/mobile-web-best-practice/js/chunk-vendors.e70fc1b5.js",
      "path": "js/chunk-vendors.e70fc1b5.js",
      "mimeType": "application/javascript"
    },
    {
      "packageId": "main",
      "version": 1,
      "remoteUrl": "https://mcuking.github.io/mobile-web-best-practice/lib/hammerjs/2.0.8/hammer.min.js",
      "path": "lib/hammerjs/2.0.8/hammer.min.js",
      "mimeType": "application/javascript"
    },
    {
      "packageId": "main",
      "version": 1,
      "remoteUrl": "https://mcuking.github.io/mobile-web-best-practice/lib/mockjs/1.0.1-beta3/mock.min.js",
      "path": "lib/mockjs/1.0.1-beta3/mock.min.js",
      "mimeType": "application/javascript"
    },
    {
      "packageId": "main",
      "version": 1,
      "remoteUrl": "https://mcuking.github.io/mobile-web-best-practice/lib/moment/2.24.0/moment.min.js",
      "path": "lib/moment/2.24.0/moment.min.js",
      "mimeType": "application/javascript"
    },
    {
      "packageId": "main",
      "version": 1,
      "remoteUrl": "https://mcuking.github.io/mobile-web-best-practice/lib/vue-router/3.1.3/vue-router.min.js",
      "path": "lib/vue-router/3.1.3/vue-router.min.js",
      "mimeType": "application/javascript"
    },
    {
      "packageId": "main",
      "version": 1,
      "remoteUrl": "https://mcuking.github.io/mobile-web-best-practice/lib/vue/2.6.10/vue.min.js",
      "path": "lib/vue/2.6.10/vue.min.js",
      "mimeType": "application/javascript"
    },
    {
      "packageId": "main",
      "version": 1,
      "remoteUrl": "https://mcuking.github.io/mobile-web-best-practice/lib/vuex/3.1.1/vuex.min.js",
      "path": "lib/vuex/3.1.1/vuex.min.js",
      "mimeType": "application/javascript"
    }
  ]
}