{
  "packageId": "main",
  "version": 1,
  "items": [
    {
      "packageId": "main",
      "version": 1,
      "remoteUrl": "https://mcuking.github.io/mobile-web-best-practice/js/app.960c738a.js",
      "path": "js/app.960c738a.js",
      "mimeType": "application/javascript"
    },
    {
      "packageId": "main",
      "version": 1,
      "remoteUrl": "https://mcuking.github.io/mobile-web-best-practice/js/chunk-146ee159.46b29746.js",
      "path": "js/chunk-146ee159.46b29746.js",
      "mimeType": "application/javascript"
    },
    {
      "packageId": "main",
      "version": 1,
      "remoteUrl": "https://mcuking.github.io/mobile-web-best-practice/js/chunk-236466c0.cad3ec63.js",
      "path": "js/chunk-236466c0.cad3ec63.js",
      "mimeType": "application/javascript"
    },
    {
      "packageId": "main",
      "version": 1,
      "remoteUrl": "https://mcuking.github.io/mobile-web-best-practice/js/chunk-5c7fa610.3a135a4b.js",
      "path": "js/chunk-5c7fa610.3a135a4b.js",
      "mimeType": "application/javascript"
    },
    {
      "packageId": "main",
      "version": 1,
      "remoteUrl": "https://mcuking.github.io/mobile-web-best-practice/js/chunk-680897da.ae04fc6b.js",
      "path": "js/chunk-680897da.ae04fc6b.js",
      "mimeType": "application/javascript"
    },
    {
      "packageId": "main",
      "version": 1,
      "remoteUrl": "https://mcuking.github.io/mobile-web-best-practice/js/chunk-c1ec1370.4db00113.js",
      "path": "js/chunk-c1ec1370.4db00113.js",
      "mimeType": "application/javascript"
    },
    {
      "packageId": "main",
      "version": 1,
      "remoteUrl": "https://mcuking.github.io/mobile-web-best-practice/js/chunk-ee0dc288.b9ba2f95.js",
      "path": "js/chunk-ee0dc288.b9ba2f95.js",
      "mimeType": "application/javascript"
    },
    {
      "packageId": "main",
      "version": 1,
      "remoteUrl": "https://mcuking.github.io/mobile-web-best-practice/js/chunk-vendors.4acac32e.js",
      "path": "js/chunk-vendors.4acac32e.js",
      "mimeType": "application/javascript"
    },
    {
      "packageId": "main",
      "version": 1,
      "remoteUrl": "https://mcuking.github.io/mobile-web-best-practice/lib/hammerjs/2.0.8/hammer.min.js",
      "path": "lib/hammerjs/2.0.8/hammer.min.js",
      "mimeType": "application/javascript"
    },
    {
      "packageId": "main",
      "version": 1,
      "remoteUrl": "https://mcuking.github.io/mobile-web-best-practice/lib/mockjs/1.0.1-beta3/mock.min.js",
      "path": "lib/mockjs/1.0.1-beta3/mock.min.js",
      "mimeType": "application/javascript"
    },
    {
      "packageId": "main",
      "version": 1,
      "remoteUrl": "https://mcuking.github.io/mobile-web-best-practice/lib/moment/2.24.0/moment.min.js",
      "path": "lib/moment/2.24.0/moment.min.js",
      "mimeType": "application/javascript"
    },
    {
      "packageId": "main",
      "version": 1,
      "remoteUrl": "https://mcuking.github.io/mobile-web-best-practice/lib/vue-router/3.1.3/vue-router.min.js",
      "path": "lib/vue-router/3.1.3/vue-router.min.js",
      "mimeType": "application/javascript"
    },
    {
      "packageId": "main",
      "version": 1,
      "remoteUrl": "https://mcuking.github.io/mobile-web-best-practice/lib/vue/2.6.10/vue.min.js",
      "path": "lib/vue/2.6.10/vue.min.js",
      "mimeType": "application/javascript"
    },
    {
      "packageId": "main",
      "version": 1,
      "remoteUrl": "https://mcuking.github.io/mobile-web-best-practice/lib/vuex/3.1.1/vuex.min.js",
      "path": "lib/vuex/3.1.1/vuex.min.js",
      "mimeType": "application/javascript"
    }
  ]
}